﻿<?xml version="1.0"?>
<root>
	<class type="1">
		<item url="http://dl.ijinshan.com/safe/speedtest/00BCDF6C42AE276A395A6CF88667BCD3.dat"/>
		<item url="http://dl.ijinshan.com/safe/speedtest/01FBA384808DFE0F4132D7E63C6D5C0E.dat"/>
		<item url="http://dl.ijinshan.com/safe/speedtest/051015EF29CD27064D4087BCFD9CCD8F.dat"/>
		<item url="http://dl.ijinshan.com/safe/speedtest/061684B83877FCCD0DDA2E7F438021E2.dat"/>
		<item url="http://dl.ijinshan.com/safe/speedtest/090B8DC62E38C75BB9B416303CBA1F3D.dat"/>
		<item url="http://dl.ijinshan.com/safe/speedtest/099AF780AAA03D9E07EC923FE691224E.dat"/>
		<item url="http://dl.ijinshan.com/safe/speedtest/0B0B59665990E30B4D43040578D0C7A4.dat"/>
		<item url="http://dl.ijinshan.com/safe/speedtest/0D6FB2CDCD582E01555D48C91756ED4A.dat"/>
		<item url="http://dl.ijinshan.com/safe/speedtest/0F8DEA78730B1A05A6605766922C5C6D.dat"/>
		<item url="http://dl.ijinshan.com/safe/speedtest/1169436EE42F860C7DB37A4692B38F0E.dat"/>
		<item url="http://dl.ijinshan.com/safe/speedtest/11D3FF8E37508AEB1663D12F39156237.dat"/>
		<item url="http://dl.ijinshan.com/safe/speedtest/13284F1F667FB1C2AC2B0F9DCB7F83B5.dat"/>
		<item url="http://dl.ijinshan.com/safe/speedtest/17F35B3D2E747ECB6B848FB5CAED0B91.dat"/>
		<item url="http://dl.ijinshan.com/safe/speedtest/185662ED17A6E6AF4FA518DA744A194A.dat"/>
		<item url="http://dl.ijinshan.com/safe/speedtest/1B8EF01BB04D5D99FE3851700B494B1F.dat"/>
		<item url="http://dl.ijinshan.com/safe/speedtest/1FED9E5969139671FEF2A32A36E07FD9.dat"/>
		<item url="http://dl.ijinshan.com/safe/speedtest/20FB67473B19C710BB64D04E250670D6.dat"/>
		<item url="http://dl.ijinshan.com/safe/speedtest/21682D44785657610B4AC406EBD85DD7.dat"/>
		<item url="http://dl.ijinshan.com/safe/speedtest/21B56DFB370EF48365DB42FC05B75E2B.dat"/>
		<item url="http://dl.ijinshan.com/safe/speedtest/246D55293B0EE35E3DFBE4387777459D.dat"/>
		<item url="http://dl.ijinshan.com/safe/speedtest/27D9154EA668D3A5C15CC31250D532C6.dat"/>
		<item url="http://dl.ijinshan.com/safe/speedtest/2C3DBF6C89B3C5297E8DAE4568199150.dat"/>
		<item url="http://dl.ijinshan.com/safe/speedtest/2CE8599B2886EDFE42C7B9E447C6F572.dat"/>
		<item url="http://dl.ijinshan.com/safe/speedtest/2D150D3EE202DE46AB1CA850D306F22D.dat"/>
		<item url="http://dl.ijinshan.com/safe/speedtest/2FC651739E35860870AF47F3E5386F8C.dat"/>
		<item url="http://dl.ijinshan.com/safe/speedtest/3092CC93693CF88696DBC66D14269D41.dat"/>
		<item url="http://dl.ijinshan.com/safe/speedtest/325158718042DF29931BC6D3CEA7E105.dat"/>
		<item url="http://dl.ijinshan.com/safe/speedtest/33A9CC7E9A6D50E857F71696843E9328.dat"/>
		<item url="http://dl.ijinshan.com/safe/speedtest/34AC47AF0849C3183F7CE53C371DEFAF.dat"/>
		<item url="http://dl.ijinshan.com/safe/speedtest/34C56F12C7D3DBBFF991825E02EF54F4.dat"/>
		<item url="http://dl.ijinshan.com/safe/speedtest/373ABBF537AD6F143DBFBBC68177E0EB.dat"/>
		<item url="http://dl.ijinshan.com/safe/speedtest/37C5E4347CD6EF61CAB1E557691F5A6C.dat"/>
		<item url="http://dl.ijinshan.com/safe/speedtest/37D4991F9A743F329C5533753BAEFDAC.dat"/>
		<item url="http://dl.ijinshan.com/safe/speedtest/3C1C22076C551BB9E37E5075CAE12C67.dat"/>
		<item url="http://dl.ijinshan.com/safe/speedtest/3DCBE25313E6BAFF74FEDB8C66310B0E.dat"/>
		<item url="http://dl.ijinshan.com/safe/speedtest/409B1B2D6A4C8ADAA95C572FC521823C.dat"/>
		<item url="http://dl.ijinshan.com/safe/speedtest/412CA3C69A5AB89FA4823B91F5E13F7B.dat"/>
		<item url="http://dl.ijinshan.com/safe/speedtest/4150BD8E9775614BE3FF708E81B38345.dat"/>
		<item url="http://dl.ijinshan.com/safe/speedtest/419D565D30D7C7732628E70124C4DCDD.dat"/>
		<item url="http://dl.ijinshan.com/safe/speedtest/44EDE44BA2B344504F7A63A98648A349.dat"/>
		<item url="http://dl.ijinshan.com/safe/speedtest/4A09450E6196792E63E2955DE0DA1082.dat"/>
		<item url="http://dl.ijinshan.com/safe/speedtest/4B91599A9CDFCDBA1FD5742EABA85B6A.dat"/>
		<item url="http://dl.ijinshan.com/safe/speedtest/4CE6869877CE3D68A320E328CF5FCB87.dat"/>
		<item url="http://dl.ijinshan.com/safe/speedtest/4E2F1D9C6D5F9FC6F9ADAEC7A71A8601.dat"/>
		<item url="http://dl.ijinshan.com/safe/speedtest/513666AE022E19E4FF5E8685023E8B33.dat"/>
		<item url="http://dl.ijinshan.com/safe/speedtest/53B0C1F5A726F81FE93E8330E92CC23B.dat"/>
		<item url="http://dl.ijinshan.com/safe/speedtest/582AF370AE3CE3F67593D63986997949.dat"/>
		<item url="http://dl.ijinshan.com/safe/speedtest/5C5AD2AEF42CBD31473897373C67FF0B.dat"/>
		<item url="http://dl.ijinshan.com/safe/speedtest/5DEBBD0FD2B8672A451CA5450BD6E287.dat"/>
		<item url="http://dl.ijinshan.com/safe/speedtest/649D449C2A5BC92BF362C323BC1D5FF6.dat"/>
		<item url="http://dl.ijinshan.com/safe/speedtest/650E4E5A5BC95DE9F719E8EDAD10A37C.dat"/>
		<item url="http://dl.ijinshan.com/safe/speedtest/67A48269D105F726B05D32FB1C46938D.dat"/>
		<item url="http://dl.ijinshan.com/safe/speedtest/6A74EA902860472EB9791808CF7FFDD5.dat"/>
		<item url="http://dl.ijinshan.com/safe/speedtest/70E65242778C3ED3B25F0B21ACAEE366.dat"/>
		<item url="http://dl.ijinshan.com/safe/speedtest/71D9E6EF3210132ACCA76688CC184AFF.dat"/>
		<item url="http://dl.ijinshan.com/safe/speedtest/76235F686570C28BF49B1E8A83D91541.dat"/>
		<item url="http://dl.ijinshan.com/safe/speedtest/79F6AAA5B13BCDD6D8249C73555E108A.dat"/>
		<item url="http://dl.ijinshan.com/safe/speedtest/7BD9AD5AC1CF2545787D5C5CF4E54455.dat"/>
		<item url="http://dl.ijinshan.com/safe/speedtest/7C493094C39FD5C933CEF90DF45EBD7D.dat"/>
		<item url="http://dl.ijinshan.com/safe/speedtest/7E905504CFDB5F4C60CD7408EB66FDC9.dat"/>
		<item url="http://dl.ijinshan.com/safe/speedtest/831FCF04B74A6626BAC17EF31C7F147D.dat"/>
		<item url="http://dl.ijinshan.com/safe/speedtest/876B41613E4BF784EE9543AB0E50BE40.dat"/>
		<item url="http://dl.ijinshan.com/safe/speedtest/8C53CCD787C381CD535D8DCCA12584D8.dat"/>
		<item url="http://dl.ijinshan.com/safe/speedtest/8EB39C952B92081FFB72C954118E1DFE.dat"/>
		<item url="http://dl.ijinshan.com/safe/speedtest/8FC34877418920529B03DD26CE1E6055.dat"/>
		<item url="http://dl.ijinshan.com/safe/speedtest/9119CEF767D2A63E113EABD23EDC3A28.dat"/>
		<item url="http://dl.ijinshan.com/safe/speedtest/93023F674A281C1ED6BB8F3C0DDA50E9.dat"/>
		<item url="http://dl.ijinshan.com/safe/speedtest/946F93ED7FE769C5162ECC70135443F6.dat"/>
		<item url="http://dl.ijinshan.com/safe/speedtest/9841A730FE26DE02C3DC392E836DF157.dat"/>
		<item url="http://dl.ijinshan.com/safe/speedtest/98CF1F03B0EEACCF95BA60126C22AEAC.dat"/>
		<item url="http://dl.ijinshan.com/safe/speedtest/98EA2395CD7F997AD86E89BB3F4918D9.dat"/>
		<item url="http://dl.ijinshan.com/safe/speedtest/9958572DADA5232DEABC9AC1CC28C170.dat"/>
		<item url="http://dl.ijinshan.com/safe/speedtest/996D701DBD6F7A09DC6C1309C54D447C.dat"/>
		<item url="http://dl.ijinshan.com/safe/speedtest/99A58B236AF61F4DE60E087EEED58EC3.dat"/>
		<item url="http://dl.ijinshan.com/safe/speedtest/9D8642C1809E958CA255428042C7779B.dat"/>
		<item url="http://dl.ijinshan.com/safe/speedtest/A1DF02B4702878A1BD6CF4F3CA3478CB.dat"/>
		<item url="http://dl.ijinshan.com/safe/speedtest/A2A4130E85F0E233C461253DDB3085F0.dat"/>
		<item url="http://dl.ijinshan.com/safe/speedtest/A83826772244E95BD7B49C6CF1901D91.dat"/>
		<item url="http://dl.ijinshan.com/safe/speedtest/A94A029298B77648CA123623F62B4387.dat"/>
		<item url="http://dl.ijinshan.com/safe/speedtest/AC15164876C5960C4EC0021A980AB98A.dat"/>
		<item url="http://dl.ijinshan.com/safe/speedtest/AD5DC14E5E9E77D01E6BE7FB699387D9.dat"/>
		<item url="http://dl.ijinshan.com/safe/speedtest/AD6788896DC0A66CF20C58AED544A71F.dat"/>
		<item url="http://dl.ijinshan.com/safe/speedtest/AE0D28B90E0F9C67591E1FF92230BC05.dat"/>
		<item url="http://dl.ijinshan.com/safe/speedtest/AE875553D8F20C4FDCDC5224294892CE.dat"/>
		<item url="http://dl.ijinshan.com/safe/speedtest/B0DD006CAC8E5AB6962023F79A6DC963.dat"/>
		<item url="http://dl.ijinshan.com/safe/speedtest/B2C2F6AC459D33C56CF9BE48FDF1CD0E.dat"/>
		<item url="http://dl.ijinshan.com/safe/speedtest/B96B8AF0E208FF8227A65BED015BECFF.dat"/>
		<item url="http://dl.ijinshan.com/safe/speedtest/C7CD33056951D671439E573B63F31061.dat"/>
		<item url="http://dl.ijinshan.com/safe/speedtest/C9760BE09B6D011F27B2D83B17C99FB6.dat"/>
		<item url="http://dl.ijinshan.com/safe/speedtest/CFA4133CAF85842AEE3E42637FA24F30.dat"/>
		<item url="http://dl.ijinshan.com/safe/speedtest/CFAFA75C75BA343FC0B5440A60A68F4E.dat"/>
		<item url="http://dl.ijinshan.com/safe/speedtest/D267C2442C603A749C0D60F3EBDDE014.dat"/>
		<item url="http://dl.ijinshan.com/safe/speedtest/D3714A32F384C192FF4277E3FAE6239B.dat"/>
		<item url="http://dl.ijinshan.com/safe/speedtest/D4690DF56F512A4B73258614F680DD2B.dat"/>
		<item url="http://dl.ijinshan.com/safe/speedtest/DA080AD2A64926856B653A3714FED287.dat"/>
		<item url="http://dl.ijinshan.com/safe/speedtest/DB44D5377D48B734C8EC5C3EBA71D69D.dat"/>
		<item url="http://dl.ijinshan.com/safe/speedtest/DC1B5128B49F0D9391B78C4939A9999A.dat"/>
		<item url="http://dl.ijinshan.com/safe/speedtest/DF0DFBA6794EE04BA849007C1DEF9851.dat"/>
		<item url="http://dl.ijinshan.com/safe/speedtest/DFDAE093ED34B6FE0646F2A2146B1057.dat"/>
		<item url="http://dl.ijinshan.com/safe/speedtest/E3B323FDB93BE131299A1B09ACFF43BB.dat"/>
		<item url="http://dl.ijinshan.com/safe/speedtest/E79BC6F01BBB17E0E88BF68C7021DD01.dat"/>
		<item url="http://dl.ijinshan.com/safe/speedtest/E7E1FEFBB6015B1F7BD436B7489ACEB0.dat"/>
		<item url="http://dl.ijinshan.com/safe/speedtest/EA492D0FB5BAB092FA64181DB65ECA29.dat"/>
		<item url="http://dl.ijinshan.com/safe/speedtest/EE17308656FB5CEE3D85255B1778E5C2.dat"/>
		<item url="http://dl.ijinshan.com/safe/speedtest/EEBEA414E9E6DA511E7BDE2B5CD2231B.dat"/>
		<item url="http://dl.ijinshan.com/safe/speedtest/F184A6328DF259CFEA9FE957D3E74360.dat"/>
		<item url="http://dl.ijinshan.com/safe/speedtest/FCB8FF19B3C419BFC973E3D7A02981C9.dat"/>
		<item url="http://dl.ijinshan.com/safe/speedtest/FD2FDB8AC46816AEB81D8CBE4A92924A.dat"/>
		<item url="http://dl.ijinshan.com/safe/speedtest/FDD56520651AB24F15F3860870EEE058.dat"/>
		<item url="http://dl.ijinshan.com/safe/speedtest/FDFD1EF75569104A8DB823E08D06C21C.dat"/>
	</class>
	<class type="2">
		<item url="http://mk.maxthon.cn/ald/maxthon3_ald.exe"/>
		<item url="http://dl.games.sina.com.cn/utg/utgame_setup.exe"/>
		<item url="http://down.kuwo.cn/mbox/KwMusic.exe"/>
		<item url="http://down5.flashget.com/flashget3.7.0.1218cn.exe"/>
		<item url="http://dl.baofeng.com/baofeng5/Baofeng5-5.19.1129.exe"/>
		<item url="http://dl.9158.com/9158VCamSetup_4.6.exe"/>
		<item url="http://dl.9158.com/9158_codec.exe"/>
		<item url="http://file1.updrv.com/soft/2012/drivethelife5_setup.exe"/>
		<item url="http://dl.maxthon.cn/mx3/mx3.4.5.2000cn.exe"/>
		<item url="http://download.ie.sogou.com/se/sogou_explorer_4.0q.exe"/>
		<item url="http://dl.kuaibo.com/QvodSetup5.exe"/>
		<item url="http://ttplayer.qianqian.com/spec/download610/ttpsetup_610-44059078.exe"/>
		<item url="http://download.ppstream.com/ppstreamsetup.exe"/>
		<item url="http://file1.updrv.com/soft/2011/FastLife_Setup.exe"/>
		<item url="http://down.neoimaging.cn/neoimaging/NeoImaging3.1.2.104.exe"/>
		<item url="http://xiuxiu.dl.meitu.com/XiuXiu_Setup_3.6.1.exe"/>
		<item url="http://file.mydrivers.com/DG_2012_SP6_3025U2.exe"/>
		<item url="http://file1.updrv.com/soft/2012/drivethelife5_setup.exe"/>
		<item url="http://down.ruanmei.com/tweakcube3/tweakcubesetup_3.32.exe"/>
		<item url="http://down.kuwo.cn/mbox/kuwo2012.exe"/>
		<item url="http://dl.sj.91.com/business/assistant/91assistant_3.0114.exe"/>
		<item url="http://download.doshow.com.cn/baidu/Doshow4.9_0002_1206.exe"/>
		<item url="http://dl_dir3.qq.com/minigamefile/QQGame2011ReleaseP7_setup_web.EXE"/>
		<item url="http://ftp.doshome.com/1KG_20120712_HD.rar"/>
		<item url="http://neirong.funshion.com/download/FunshionInstall2.8.1.35.exe"/>
		<item url="http://yydl.duowan.com/4/setup/YYSetup-4.17.0.14-zh-CN.exe"/>
		<item url="http://down5.flashget.com/flashget3.7.0.1219cn.exe"/>
	</class>
	<class type="3">
		<item uploadurl="http://www.taobao.com/"/>
		<item uploadurl="http://www.so.com/"/>
		<item uploadurl="http://www.qq.com/"/>
		<item uploadurl="http://www.sohu.com/"/>
		<item uploadurl="http://www.tudou.com/"/>
		<item uploadurl="http://www.360doc.com/"/>
		<item uploadurl="http://www.kankan.com/"/>
		<item uploadurl="http://www.speedtest.cn/"/>
	</class>
	<class type="4">
		<item midownurl="http://file.market.xiaomi.com/download/AppStore/0cebf24d6c4a947d61f2861bf76255635c555a0f7"/>
	</class>
	<class type="5">
		<item miupurl="http://testing.router.miwifi.com/file/upload"/>
		<item mitoken="3f7a7552c336662d2a7f39fc6cb286d03e4e3a3d:OWZjYWVmNTk5YzgwYTU1NmE5YmIyNTU4ODlmMmViOWYzZjg3NWY1NQ==:eyJzY29wZSI6InJvdXRlcnRlc3QiLCJkZWFkbGluZSI6IjE2MDk0MzAzOTkwMDAiLCJvdmVyd3JpdGUiOjAsImZzaXplTGltaXQiOjAsImluc3RhbnQiOjAsInNlcGFyYXRlIjowfQ=="/>
	</class>
</root>
</root>
